番号,学級,性別,指導法,事前テスト,事後テスト,3か月後,学習時間,満足度1,満足度2,満足度3,満足度4,合格
1,A組,男,従来型,45,52,43,3.6,4,2,3,3,いいえ
2,B組,男,協同学習,59,62,55,5.1,2,3,4,3,いいえ
3,C組,男,従来型,75,88,84,9,3,3,3,2,はい
4,A組,女,協同学習,51,58,53,7.2,1,3,4,3,いいえ
5,B組,女,従来型,77,83,82,5.5,4,4,2,3,はい
6,C組,女,協同学習,59,81,81,7.6,3,3,3,2,はい
7,A組,女,従来型,54,65,58,2.7,3,2,4,1,はい
8,B組,男,協同学習,65,77,72,0.1,3,3,4,1,はい
9,C組,男,従来型,47,51,42,8.9,3,2,4,2,いいえ
10,A組,男,協同学習,50,57,62,6.3,2,4,1,4,いいえ
11,B組,女,従来型,44,45,51,0,1,1,4,1,いいえ
12,C組,男,協同学習,41,68,62,5.7,4,3,3,2,はい
13,A組,女,従来型,61,71,78,6.6,2,2,5,1,はい
14,B組,女,協同学習,52,69,57,3.3,2,2,3,3,はい
15,C組,男,従来型,50,70,74,5.6,3,3,2,2,はい
16,A組,男,協同学習,48,62,57,3.6,4,4,2,4,いいえ
17,B組,男,従来型,44,51,NA,2.1,4,3,3,3,いいえ
18,C組,女,協同学習,34,48,52,6.3,3,3,2,3,いいえ
19,A組,女,従来型,46,48,46,1.8,2,2,2,2,いいえ
20,B組,男,協同学習,69,82,89,3.7,3,3,3,2,はい
21,C組,女,従来型,63,67,60,9.7,3,3,4,3,はい
22,A組,女,協同学習,58,73,62,6.1,5,5,1,4,はい
23,B組,男,従来型,51,53,48,4.1,4,4,3,2,いいえ
24,C組,男,協同学習,84,100,97,7.3,3,3,4,2,はい
25,A組,男,従来型,44,54,44,3.8,4,4,3,2,いいえ
26,B組,男,協同学習,40,55,50,1.8,2,2,3,2,いいえ
27,C組,女,従来型,48,66,58,7.9,2,4,5,2,はい
28,A組,女,協同学習,69,84,81,2.8,5,5,1,4,はい
29,B組,女,従来型,76,86,84,1,3,4,3,2,はい
30,C組,女,協同学習,47,63,58,3.4,5,4,2,3,いいえ
31,A組,男,従来型,43,40,26,0.2,3,3,3,3,いいえ
32,B組,女,協同学習,41,59,60,5.6,4,2,3,4,いいえ
33,C組,男,従来型,45,49,50,3.3,4,3,3,2,いいえ
34,A組,女,協同学習,64,69,69,5.2,5,5,2,4,はい
35,B組,男,従来型,50,48,43,2.6,3,3,2,3,いいえ
36,C組,女,協同学習,50,57,52,3.3,3,3,3,3,いいえ
37,A組,男,従来型,61,70,66,4.5,4,3,3,2,はい
38,B組,男,協同学習,62,78,78,5.9,5,4,2,5,はい
39,C組,男,従来型,33,31,24,0.7,3,2,4,3,いいえ
40,A組,女,協同学習,59,64,67,3.7,3,4,4,3,いいえ
41,B組,女,従来型,52,62,58,2.7,2,2,3,1,いいえ
42,C組,男,協同学習,49,59,50,1.7,4,3,3,4,いいえ
43,A組,男,従来型,50,56,54,4.5,2,1,3,2,いいえ
44,B組,男,協同学習,58,59,61,2.3,5,4,1,5,いいえ
45,C組,男,従来型,47,54,48,5.3,2,2,3,2,いいえ
46,A組,男,協同学習,67,86,84,4.4,5,5,1,5,はい
47,B組,女,従来型,52,56,50,4.8,3,3,2,4,いいえ
48,C組,男,協同学習,43,52,48,2.5,3,2,2,3,いいえ
49,A組,女,従来型,61,65,68,5.7,4,4,2,4,はい
50,B組,男,協同学習,54,78,69,5.2,4,3,2,5,はい
51,C組,女,従来型,33,47,44,1.3,3,3,4,2,いいえ
52,A組,女,協同学習,47,58,52,,5,4,1,5,いいえ
53,B組,男,従来型,61,72,70,7.2,3,2,2,3,はい
54,C組,男,協同学習,62,86,77,8.8,4,5,1,5,はい
55,A組,女,従来型,55,54,51,3.2,3,2,4,2,いいえ
56,B組,男,協同学習,46,55,58,6.4,4,4,3,3,いいえ
57,C組,男,従来型,72,86,77,5.6,4,3,2,5,はい
58,A組,女,協同学習,63,74,68,8.3,4,3,3,3,はい
59,B組,女,従来型,59,60,53,4.4,4,2,3,1,いいえ
60,C組,男,協同学習,68,88,87,5.3,4,4,1,5,はい
61,A組,女,従来型,58,57,57,5.3,2,1,5,2,いいえ
62,B組,女,協同学習,64,74,72,5.4,3,2,3,3,はい
63,C組,男,従来型,72,79,79,4.6,3,4,3,5,はい
64,A組,男,協同学習,64,75,82,5.4,5,4,3,4,はい
65,B組,女,従来型,48,53,51,3.6,1,2,5,1,いいえ
66,C組,女,協同学習,49,63,61,4.2,4,4,1,5,いいえ
67,A組,女,従来型,45,43,43,2.7,2,1,5,1,いいえ
68,B組,男,協同学習,54,65,62,5.5,4,4,3,3,はい
69,C組,男,従来型,60,66,65,1.3,2,3,4,2,はい
70,A組,男,協同学習,64,73,73,4.3,4,4,2,4,はい
71,B組,男,従来型,46,53,49,0,2,2,NA,3,いいえ
72,C組,女,協同学習,54,73,65,9.1,2,3,3,3,はい
73,A組,男,従来型,61,71,68,8.4,2,2,4,1,はい
74,B組,女,協同学習,79,91,88,5.4,4,4,2,4,はい
75,C組,女,従来型,67,74,79,6,3,3,2,4,はい
76,A組,女,協同学習,45,59,52,4.7,4,4,2,4,いいえ
77,B組,女,従来型,42,46,47,2.8,2,2,4,3,いいえ
78,C組,女,協同学習,57,64,63,3.9,5,4,2,5,いいえ
79,A組,女,従来型,66,72,70,7.4,3,4,1,5,はい
80,B組,女,協同学習,66,81,72,5.3,3,4,3,3,はい
81,C組,男,従来型,63,76,73,4.1,2,2,4,2,はい
82,A組,女,協同学習,55,66,65,2.8,5,4,1,5,はい
83,B組,男,従来型,56,66,54,5.4,1,1,5,1,はい
84,C組,男,協同学習,57,67,62,9.5,3,3,4,2,はい
85,A組,女,従来型,66,71,66,5.4,5,4,2,5,はい
86,B組,男,協同学習,59,67,69,7.2,3,3,2,4,はい
87,C組,女,従来型,63,70,68,6.5,4,3,4,2,はい
88,A組,男,協同学習,63,73,66,7.6,3,2,5,3,はい
89,B組,女,従来型,57,66,59,3.9,4,3,3,3,はい
90,C組,男,協同学習,58,73,59,5.4,4,3,2,3,はい
