番号,意欲1,意欲2,意欲3,意欲4,不安1,不安2,不安3,不安4,自信1,自信2,自信3,自信4
1,2,2,1,2,3,3,3,3,4,3,3,4
2,2,3,3,1,4,4,4,3,3,2,2,2
3,1,2,2,2,4,5,4,5,3,4,2,3
4,4,2,4,4,4,3,3,4,2,3,4,2
5,3,2,3,3,4,3,3,4,1,3,2,3
6,3,3,4,4,3,2,3,3,3,3,4,4
7,4,2,3,4,3,3,3,3,2,3,4,3
8,3,2,3,3,5,4,4,4,2,2,3,2
9,4,3,5,3,3,2,3,3,5,5,4,5
10,2,2,3,2,1,1,3,3,2,3,3,2
11,4,3,4,4,2,2,2,2,3,4,5,5
12,3,3,3,4,3,3,3,3,3,4,3,3
13,3,3,3,2,4,4,2,2,3,4,3,4
14,1,3,2,2,3,3,4,2,2,4,3,3
15,2,3,2,3,4,4,4,4,1,3,3,2
16,4,3,3,4,5,5,4,4,2,2,2,3
17,2,3,2,3,2,3,2,3,2,2,3,4
18,4,3,4,3,1,1,2,2,4,3,3,3
19,4,4,4,4,3,3,2,2,3,3,3,5
20,3,4,3,3,3,4,4,3,3,2,2,2
21,4,2,3,4,4,3,3,3,3,3,3,3
22,3,3,3,3,4,3,3,2,4,5,3,3
23,2,2,2,3,2,1,2,1,3,3,4,4
24,4,4,5,4,3,2,3,4,2,3,2,3
25,2,3,3,3,4,4,4,3,3,4,2,3
26,4,5,3,3,1,1,2,3,2,4,3,3
27,4,4,4,4,3,3,3,1,3,4,3,2
28,4,4,3,3,4,3,3,4,4,3,2,3
29,2,2,5,2,3,4,3,3,3,1,1,2
30,4,5,3,4,3,4,4,1,3,3,4,4
31,2,2,2,1,3,3,2,2,4,2,2,3
32,2,4,3,3,2,3,3,3,3,3,4,2
33,2,2,2,2,3,3,3,4,2,2,2,3
34,2,3,3,4,2,2,1,2,3,3,4,4
35,3,3,2,2,2,3,1,3,4,4,3,3
36,2,2,4,3,3,3,2,2,4,3,4,4
37,3,4,4,5,1,1,3,3,4,4,3,4
38,2,3,1,3,3,4,3,5,4,5,3,4
39,4,2,3,4,3,4,2,2,3,3,3,3
40,3,3,4,3,4,4,4,4,4,3,4,2
41,2,3,NA,2,3,2,2,4,2,3,3,3
42,2,1,1,3,4,4,5,4,4,3,3,3
43,4,2,2,4,3,4,4,4,4,4,4,4
44,4,4,3,3,4,4,4,5,4,3,5,2
45,3,3,5,3,3,3,3,1,2,2,3,3
46,3,3,3,3,2,2,3,3,3,2,3,3
47,2,2,4,3,2,2,2,1,2,1,3,2
48,3,3,3,2,4,3,3,2,3,4,3,2
49,5,3,3,3,3,3,4,3,2,5,3,3
50,3,5,3,4,1,1,1,1,5,5,4,4
51,5,4,5,4,4,4,5,3,3,3,3,3
52,3,4,4,3,4,4,4,4,2,2,2,2
53,4,4,5,5,2,3,3,2,4,3,3,4
54,3,4,4,3,3,2,3,3,4,3,3,4
55,2,2,2,1,3,3,4,5,2,2,2,2
56,3,3,4,3,3,2,1,3,3,3,3,3
57,4,2,4,4,2,3,3,3,3,2,3,3
58,4,4,3,3,4,3,4,3,2,4,4,3
59,3,2,3,4,5,3,3,2,2,4,4,4
60,3,3,3,4,3,3,3,3,4,3,5,3
61,3,1,2,2,5,4,3,5,3,2,3,3
62,4,2,3,1,3,3,3,3,2,2,2,2
63,2,1,2,3,3,3,3,4,1,1,1,2
64,3,3,3,3,5,4,3,4,3,3,4,4
65,5,5,5,4,3,3,3,3,5,4,5,4
66,4,3,4,4,3,3,4,4,4,3,3,3
67,5,3,3,4,4,3,4,4,3,2,2,4
68,4,4,4,3,2,2,3,3,4,4,4,2
69,4,4,3,4,1,3,2,3,4,5,3,4
70,4,4,5,4,3,3,3,1,3,2,3,5
71,4,2,3,3,2,2,2,2,3,4,4,5
72,3,4,3,3,3,2,4,1,5,5,4,3
73,4,3,5,4,3,2,3,3,3,4,3,4
74,3,3,2,3,3,3,2,2,3,3,2,1
75,4,3,3,4,2,3,3,3,4,2,3,3
76,2,2,2,3,1,3,3,3,3,2,2,2
77,4,4,4,4,2,2,2,3,4,4,4,3
78,2,4,4,3,2,3,2,3,4,5,4,3
79,5,4,5,5,1,1,1,1,3,5,3,4
80,2,2,1,2,3,4,4,2,2,4,4,3
81,4,5,4,4,1,3,4,1,3,2,4,4
82,4,4,4,3,3,4,4,1,4,2,4,3
83,4,4,4,5,3,4,4,3,4,4,3,3
84,2,1,1,1,3,3,4,2,3,3,3,3
85,3,4,2,3,3,3,3,2,3,2,4,3
86,2,2,2,2,3,3,3,2,2,4,3,3
87,3,3,2,2,3,2,1,3,4,2,3,2
88,3,4,3,3,4,4,4,4,5,5,3,4
89,3,3,3,3,2,1,1,2,2,3,2,3
90,4,4,4,4,4,3,3,4,3,2,3,2
91,2,3,3,3,1,2,2,1,5,4,5,5
92,3,3,3,2,2,3,3,3,3,3,4,3
93,2,3,4,4,2,2,1,2,2,3,3,2
94,4,3,4,2,3,3,2,2,3,3,3,4
95,3,5,4,5,3,3,3,4,3,2,3,2
96,4,3,4,4,4,4,4,4,3,2,3,3
97,4,4,5,3,2,2,2,3,3,3,3,4
98,5,3,4,3,1,1,2,2,3,4,4,3
99,2,3,3,3,4,3,4,3,2,2,2,2
100,4,4,2,4,2,3,2,2,4,4,4,4
101,1,1,1,2,2,3,3,2,1,2,1,3
102,4,3,1,3,4,3,4,3,2,1,2,2
103,2,2,3,3,4,4,5,4,3,2,2,3
104,2,1,2,3,1,1,2,2,5,4,4,4
105,2,3,2,3,4,4,3,3,4,4,4,4
106,3,3,3,2,5,4,4,3,2,1,2,1
107,5,5,4,4,3,3,4,3,3,4,4,4
108,3,3,4,4,2,3,4,3,3,4,3,4
109,4,4,3,3,3,5,4,4,3,3,2,3
110,4,4,4,4,3,3,3,5,4,3,3,4
111,4,4,3,4,2,3,3,2,3,4,3,3
112,2,2,1,2,5,3,3,2,4,4,2,3
113,3,4,3,1,2,2,2,1,2,2,2,3
114,2,2,2,2,3,3,3,3,2,3,3,3
115,3,2,2,2,5,5,4,5,1,2,1,1
116,3,1,3,3,3,3,3,4,4,3,3,2
117,3,2,3,2,3,3,4,4,2,3,1,3
118,4,4,4,4,1,1,2,3,4,5,4,4
119,4,2,3,4,2,2,3,2,3,3,4,3
120,2,3,2,3,3,3,2,3,4,3,4,3
121,3,2,3,3,4,3,3,4,5,3,3,3
122,3,2,2,4,4,3,4,3,3,4,3,1
123,3,2,3,4,2,2,3,3,3,3,1,4
124,3,3,4,3,2,1,2,1,3,3,2,3
125,4,4,4,3,3,2,3,3,4,4,3,4
126,2,1,3,2,1,2,1,1,3,2,2,2
127,3,4,3,4,3,3,3,3,5,2,3,3
128,2,3,5,3,3,2,1,1,4,3,3,4
129,3,3,2,3,3,3,3,3,2,4,3,5
130,4,4,4,4,3,2,3,3,5,4,4,4
131,2,2,3,3,3,3,2,4,5,4,4,2
132,1,2,2,2,4,4,4,4,1,3,3,3
133,1,1,1,3,3,4,2,3,2,NA,2,1
134,4,3,3,5,4,2,3,3,3,3,3,2
135,2,2,1,3,3,3,3,3,2,3,3,2
136,3,2,2,4,2,3,2,2,5,5,4,4
137,2,2,3,2,4,4,4,3,3,2,3,1
138,3,3,4,3,3,3,3,3,3,4,4,3
139,3,3,3,2,4,4,4,3,2,2,4,2
140,5,4,5,4,2,1,2,2,4,5,5,4
141,2,2,2,3,2,2,3,3,2,2,1,2
142,4,3,4,4,3,3,3,3,3,3,3,3
143,1,1,2,1,4,5,4,5,2,2,1,2
144,3,3,4,3,3,2,3,2,1,3,2,3
145,4,3,4,4,4,4,3,4,3,4,4,4
146,2,2,2,3,5,5,4,5,2,1,1,1
147,3,3,3,2,3,3,2,3,1,2,3,2
148,2,2,3,3,3,3,4,2,3,2,4,2
149,1,3,2,4,2,2,1,3,3,5,4,4
150,4,4,3,5,3,3,4,4,3,4,3,2
151,4,3,2,3,3,3,4,3,4,3,2,3
152,4,5,5,5,2,3,3,3,3,2,3,5
153,5,5,5,4,2,2,3,3,5,4,5,4
154,3,3,4,2,3,2,3,2,4,4,3,1
155,3,3,3,4,4,3,3,2,3,4,4,5
156,3,4,3,4,2,2,1,1,3,4,3,4
157,3,2,2,2,3,3,2,3,3,4,4,2
158,4,3,4,3,1,2,1,2,2,2,3,3
159,4,4,4,3,2,2,3,3,2,5,3,2
160,3,4,4,5,5,5,5,4,4,4,4,4
161,2,2,3,1,4,3,4,3,4,3,4,3
162,2,2,3,2,3,3,2,3,3,2,2,2
163,3,3,2,2,3,3,2,3,4,2,2,4
164,5,3,5,5,2,3,3,3,3,3,3,3
165,2,2,2,2,5,3,3,3,2,2,2,2
166,2,2,1,1,3,3,4,2,1,1,1,1
167,5,5,5,5,4,3,4,4,3,5,4,3
168,2,2,2,2,3,3,2,4,2,2,2,3
169,3,3,3,4,4,3,4,2,3,3,3,3
170,4,4,4,3,3,3,2,3,3,4,3,3
171,3,3,5,4,3,3,4,3,4,5,4,4
172,3,3,2,2,3,4,3,3,2,3,2,1
173,4,3,4,4,2,2,1,3,5,3,3,3
174,3,3,3,2,4,4,4,4,4,4,4,5
175,3,2,3,2,3,3,4,4,3,3,3,3
176,2,2,3,2,3,5,3,3,2,2,3,3
177,3,3,2,2,2,2,2,3,2,4,3,3
178,4,4,4,4,3,3,3,3,2,3,3,1
179,3,4,3,3,3,3,4,4,3,3,4,4
180,4,2,3,2,4,4,4,3,4,2,4,3
181,3,3,4,4,3,2,2,3,4,5,4,5
182,5,3,3,5,3,2,2,3,3,4,4,3
183,3,2,2,3,3,3,2,3,3,2,2,2
184,2,2,3,3,2,3,1,3,4,3,3,4
185,2,1,2,2,4,3,3,3,2,3,3,3
186,2,1,2,3,3,2,1,2,3,3,2,2
187,2,2,3,2,4,3,3,4,2,3,2,2
188,2,2,4,3,3,4,3,5,3,2,3,2
189,3,4,3,5,3,2,2,3,4,2,4,5
190,2,2,2,2,3,3,2,3,3,3,4,1
191,5,5,5,5,1,2,2,1,4,5,5,5
192,3,4,2,3,5,3,3,4,2,3,2,3
193,4,3,4,4,4,4,4,3,3,4,4,3
194,3,3,3,3,1,3,2,1,3,3,3,3
195,4,5,4,4,3,3,3,3,4,4,4,5
196,3,3,2,3,3,2,2,1,3,4,4,4
197,3,2,3,1,5,4,3,4,2,2,1,1
198,3,3,4,4,2,2,2,1,3,4,4,3
199,4,4,3,4,4,4,4,4,2,3,4,3
200,4,4,3,4,4,3,3,4,2,3,4,4
201,3,3,3,2,4,3,4,3,3,3,3,3
202,3,2,4,4,2,2,3,3,3,2,3,2
203,4,4,4,4,2,2,2,2,3,4,4,4
204,2,2,2,2,4,3,3,2,2,1,1,2
205,3,2,3,3,3,4,3,2,4,2,4,4
206,2,2,2,1,4,4,4,4,4,3,4,3
207,4,5,5,4,3,3,2,3,3,1,4,3
208,2,3,3,2,3,3,3,3,3,2,2,2
209,2,2,2,2,3,3,3,3,4,4,4,3
210,3,2,2,3,4,3,4,3,3,3,3,3
211,3,5,3,4,3,3,2,3,3,4,5,5
212,4,4,4,4,3,3,3,4,4,5,4,4
213,3,3,2,2,4,4,4,3,3,3,1,2
214,4,5,4,5,3,4,2,2,3,5,4,5
215,4,4,4,4,1,3,2,1,4,4,3,4
216,5,4,5,5,2,3,2,1,5,5,5,4
217,3,2,2,2,5,5,5,3,1,2,3,3
218,2,1,2,1,4,3,4,3,2,2,2,1
219,2,3,2,3,2,3,2,2,3,3,3,4
220,2,2,2,2,4,4,4,3,2,2,3,1
221,2,3,3,2,3,3,3,3,3,3,3,2
222,3,1,1,2,4,4,4,4,1,2,2,3
223,2,2,2,2,3,3,4,2,3,3,4,3
224,3,4,5,3,4,3,4,3,2,4,2,3
225,3,4,4,4,1,2,3,2,2,2,1,2
226,2,1,3,2,5,4,3,3,1,1,1,1
227,4,4,4,3,4,3,4,4,2,4,3,3
228,5,4,4,3,3,5,3,5,4,3,4,3
229,2,4,2,3,3,3,3,3,3,2,2,3
230,3,4,3,3,4,3,3,3,4,4,3,2
231,3,3,3,2,3,4,3,4,3,2,3,3
232,4,2,4,3,3,3,3,2,3,3,3,4
233,2,2,3,3,3,2,3,3,3,3,2,2
234,5,3,4,4,2,2,3,4,4,4,4,4
235,4,4,4,3,1,1,1,1,4,3,4,4
236,3,3,3,3,3,3,4,3,3,3,4,3
237,3,3,4,3,3,3,3,3,4,2,4,4
238,3,2,4,3,3,2,3,4,2,3,3,3
239,3,2,2,3,4,4,4,5,2,3,2,3
240,4,4,4,4,3,4,4,3,4,4,5,4
241,3,3,4,4,3,2,3,2,1,4,3,2
242,3,2,2,2,2,3,3,3,2,3,2,2
243,2,4,3,3,5,4,4,3,3,3,3,4
244,3,3,3,2,3,4,3,3,4,3,4,2
245,4,4,4,4,3,3,2,3,3,3,4,4
246,3,2,3,2,4,4,4,3,3,3,3,3
247,3,3,3,4,3,4,3,3,3,3,4,2
248,4,4,4,3,2,2,3,3,2,3,4,2
249,3,3,2,1,2,1,1,1,2,2,1,3
250,2,3,3,1,2,NA,3,2,3,4,3,3
251,1,1,2,2,4,3,4,4,2,2,2,3
252,3,2,4,3,2,2,2,2,3,4,5,4
253,3,4,3,4,2,2,2,1,3,4,4,4
254,4,5,4,4,3,3,3,2,4,4,4,3
255,2,2,3,3,3,3,3,2,1,3,2,2
256,1,2,1,2,4,4,4,4,1,1,2,1
257,3,3,3,3,3,2,2,3,3,2,2,4
258,2,2,1,2,2,3,2,3,3,3,4,4
259,4,4,5,4,3,2,4,3,3,3,3,3
260,3,4,4,3,2,3,2,3,3,3,3,3
261,3,3,3,4,5,3,4,5,3,3,3,3
262,3,3,3,3,4,3,3,3,3,3,3,4
263,3,4,3,2,3,3,3,2,3,2,2,2
264,3,3,3,2,2,2,2,3,3,3,3,2
265,4,4,5,5,3,4,4,3,4,4,5,4
266,4,3,3,2,4,3,4,3,3,4,3,2
267,3,2,3,3,5,5,5,5,3,2,2,2
268,2,3,3,3,4,4,5,3,1,2,1,1
269,3,2,3,3,2,2,2,1,3,4,3,4
270,3,4,5,4,3,3,4,4,3,4,4,4
271,3,2,2,2,4,4,4,5,3,3,1,2
272,3,1,1,3,3,2,1,3,1,2,3,3
273,2,2,1,3,3,4,4,3,4,2,2,2
274,4,3,5,4,2,1,1,2,3,3,5,4
275,4,3,3,2,3,3,3,3,3,4,3,3
276,4,3,4,5,2,2,2,2,2,3,3,4
277,3,2,4,3,3,4,3,2,3,3,3,2
278,3,4,4,3,4,4,3,4,4,4,5,5
279,3,3,3,4,4,2,4,3,3,3,4,3
280,3,3,3,3,3,4,4,2,3,3,3,3
281,2,2,1,2,3,4,2,2,2,2,2,2
282,3,3,3,4,4,3,2,4,3,4,4,2
283,3,1,1,2,3,4,4,3,3,3,3,3
284,1,3,1,2,3,2,1,2,1,2,3,2
285,3,3,3,4,1,2,1,4,2,3,3,3
286,2,4,3,4,3,3,3,4,3,3,3,4
287,4,4,5,4,3,3,3,4,2,2,3,3
288,2,2,3,2,4,3,2,4,3,3,3,3
289,4,3,3,3,5,3,3,4,3,3,3,2
290,2,3,5,2,3,3,3,2,2,3,3,2
291,3,2,3,3,3,3,4,3,4,4,5,3
292,4,5,5,4,3,2,2,2,3,3,3,2
293,4,4,3,5,3,4,3,2,4,3,4,3
294,2,3,2,2,2,3,3,3,5,4,4,3
295,4,4,4,3,2,1,3,2,2,2,2,4
296,4,3,3,2,5,3,4,3,3,1,2,2
297,2,3,3,1,4,4,4,4,4,4,4,5
298,3,4,3,3,3,4,3,3,2,3,5,3
299,4,3,3,2,3,3,3,4,3,2,2,4
300,3,3,2,3,3,3,4,3,2,2,2,2
